Workbook

Sheet 📖 Instrucciones
A1: MATRIZ DE TRAZABILIDAD DE REQUISITOS
A2: Plantilla estándar para proyectos de desarrollo de software · Versión 1.0
A4: ¿QUÉ ES ESTA PLANTILLA?
A5: Esta plantilla permite rastrear cada necesidad de negocio a través de todo el ciclo de vida del software: desde el requisito que la documenta, hasta los casos de prueba que la verifican y el código que la implementa. Cuando un requisito cambia, la matriz muestra de inmediato qué otros artefactos deben actualizarse, evitando el scope creep silencioso y las regresiones no detectadas.
A9: ESTRUCTURA DE LA PLANTILLA
A10: 📋 Matriz principal | C10: Hoja central. Cada fila es un requisito. Registra origen, especificación, pruebas, estado y RFC asociada.
A11: 🔗 Trazabilidad visual | C11: Vista cruzada (requisitos × artefactos). Un ✓ en cada celda indica que el artefacto cubre ese requisito.
A12: 📊 Resumen y métricas | C12: Dashboard automático: % de cobertura, requisitos sin prueba, cambios pendientes y semáforo de salud.
A13: 📝 Registro de RFCs | C13: Historial de todas las Solicitudes de Cambio procesadas, con estado y artefactos impactados.
A14: 🗂️ Catálogo de artefactos | C14: Inventario de todos los documentos, módulos de código y casos de prueba referenciados en la matriz.
A16: GUÍA DE COLORES Y ESTADOS
A17: Activo / Aprobado / Completado | D17: El requisito o artefacto está en uso y verificado.
A18: En desarrollo / Pendiente de revisión | D18: Trabajo en curso. Requiere seguimiento.
A19: Rechazado / Bloqueado / Sin cobertura | D19: Requiere acción inmediata. No puede cerrarse el ciclo.
A20: Propuesto / En análisis | D20: RFC o requisito recién ingresado, aún no evaluado.
A21: Aplazado / En espera de decisión | D21: El CCB ha pospuesto la decisión a una iteración futura.
A22: Archivado / Fuera de alcance | D22: No aplica al sprint actual. Conservado por trazabilidad histórica.
A24: FLUJO DE TRABAJO RECOMENDADO
A25: 1. Al iniciar el proyecto, registra todas las necesidades de negocio en la columna 'ID Necesidad' de la Matriz principal.
A26: 2. Para cada necesidad, crea al menos un requisito en la hoja Matriz principal. Completa todas las columnas.
A27: 3. A medida que avanza el desarrollo, actualiza 'ID Código', 'ID Caso de prueba' y 'Resultado prueba'.
A28: 4. Cuando llegue una RFC, regístrala en la hoja 'Registro de RFCs' y actualiza las filas afectadas en la Matriz principal.
A29: 5. Usa la hoja 'Trazabilidad visual' para detectar requisitos sin cobertura (celdas vacías en columnas de artefactos).
A30: 6. Revisa el 'Resumen y métricas' antes de cada reunión del CCB o revisión de sprint.
A31: 7. Al cerrar el proyecto, archiva la matriz completa junto con el SRS y el informe de lecciones aprendidas.
A33: CÓMO SE GENERÓ ESTA MATRIZ (caso 3: Dietas al día)
A34: Generada el 2026-09-21 con trazabilidad/generar_matriz.py sobre el commit c43e63b (con cambios sin confirmar). 13 pruebas automáticas ejecutadas. No edites las hojas a mano: cambia el repositorio y vuelve a ejecutar el script.
A35: Caso elegido: caso 3, Dietas al día (caso3-dietas), el único con código. Requisitos, prioridad y criterios de aceptación: tabla de la sección 2 (y criterios de la sección 6) de caso3-dietas/docs/Documento_de_validacion.md. Prioridad Alta = Must have; Media = Should have.
A36: Código: etiquetas de requisito en los comentarios de caso3-dietas/src. Pruebas automáticas: caso3-dietas/tests/logic.test.js (resultado de la ejecución). Pruebas manuales: caso3-dietas/tests/escenarios_manuales.md (el resultado lo registra quien las ejecuta).
... A40: Hoja «Auditoría»: rupturas detectadas por el script (requisitos sin código o sin prueba, IDs huérfanos, metadatos incompletos, archivos que faltan, inconsistencias documento ↔ aplicación).

Sheet 📋 Matriz principal
A1: MATRIZ DE TRAZABILIDAD DE REQUISITOS — Hoja principal
A2: IDENTIFICACIÓN | D2: ORIGEN | G2: ESPECIFICACIÓN | I2: IMPLEMENTACIÓN | L2: VERIFICACIÓN | O2: ESTADO Y CAMBIOS
A3: ID Requisito | B3: Título del requisito | C3: Tipo | D3: ID Necesidad de negocio | E3: Stakeholder solicitante | F3: Prioridad (MoSCoW) | G3: Versión SRS | H3: Criterios de aceptación (resumen) | I3: ID Módulo / Código | J3: Sprint implementación | K3: Responsable desarrollo | L3: ID Caso de prueba | M3: Resultado prueba | N3: Fecha última prueba | O3: Estado actual | P3: RFC asociada | Q3: Última actualización | R3: Notas / Observaciones
A4: RF-A1 | B4: Consultar la historia clínica del paciente | C4: Funcional | D4: EPC28 | E4: Médico del Departamento de Nutrición | F4: Should have | G4: DOC-VAL v1.0 | H4: CA1: Dado un paciente con al menos una enfermedad registrada, al abrir su ficha el sistema muestra las dietas asociadas a esa enfermedad sin acciones adicionales. | I4: data.js › PATIENTS_SEED screens/PatientContext.jsx › PatientContext screens/PatientView.jsx › PatientView › diseases screens/Patients.jsx › Patients | J4: N/A | K4: Santiago Maya Horta | L4: TC-08, TC-M1 | M4: Pendiente | N4: 2026-09-21 | O4: Implementado | Q4: 2026-09-21 | R4: Pruebas: 1 pasadas, 0 fallidas, 1 pendientes.
A5: RF-A2 | B5: Ver las dietas de la enfermedad del paciente en un paso | C5: Funcional | D5: EPC28 | E5: Médico del Departamento de Nutrición | F5: Must have | G5: DOC-VAL v1.0 | H5: CA1: Dado un paciente con al menos una enfermedad registrada, al abrir su ficha el sistema muestra las dietas asociadas a esa enfermedad sin acciones adicionales. | I5: data.js › DIETS data.js › DISEASES screens/PatientView.jsx › PatientView › rows | J5: N/A | K5: Santiago Maya Horta | L5: TC-06, TC-07, TC-M1 | M5: Pendiente | N5: 2026-09-21 | O5: Implementado | Q5: 2026-09-21 | R5: Pruebas: 2 pasadas, 0 fallidas, 1 pendientes.
A6: RF-A3 | B6: Señalar alergias e incompatibilidades en cada dieta | C6: Funcional | D6: EPC28 | E6: Médico del Departamento de Nutrición | F6: Must have | G6: DOC-VAL v1.0 | H6: CA2: Si una dieta incluye un alimento cuyo alérgeno figura entre las alergias del paciente, o cuya sustancia figura entre sus incompatibilidades, la lista muestra, sin interacción adicional, el alimento y… | I6: data.js › FOODS logic.js › analyzeDiet screens/AssignModal.jsx › AssignModal screens/PatientView.jsx › statusChip | J6: N/A | K6: Santiago Maya Horta | L6: TC-01, TC-02, TC-03, TC-04, TC-05, TC-09, TC-11, TC-12, TC-13, TC-M2 | M6: Pendiente | N6: 2026-09-21 | O6: Implementado | Q6: 2026-09-21 | R6: Pruebas: 9 pasadas, 0 fallidas, 1 pendientes.
A7: RF-A4 | B7: Abrir la ficha técnica sin perder al paciente | C7: Funcional | D7: EPC28 | E7: Médico del Departamento de Nutrición | F7: Must have | G7: DOC-VAL v1.0 | H7: CA3: Desde la lista, el médico abre en un clic una ficha con los diez campos de la dieta (objetivos, definición técnica, aporte calórico, componentes, ingesta necesaria, vía de administración, duración, d… | I7: data.js › DIETS screens/DietDrawer.jsx › DietDrawer screens/PatientContext.jsx › PatientContext | J7: N/A | K7: Santiago Maya Horta | L7: TC-10, TC-11, TC-M3 | M7: Pendiente | N7: 2026-09-21 | O7: Implementado | Q7: 2026-09-21 | R7: Pruebas: 2 pasadas, 0 fallidas, 1 pendientes.
A8: RF-A5 | B8: Confirmar y registrar la asignación | C8: Funcional | D8: EPC28 | E8: Médico del Departamento de Nutrición | F8: Must have | G8: DOC-VAL v1.0 | H8: CA4: Al menos 4 de 5 usuarios nuevos, sin ayuda, eligen y confirman una dieta sin alertas en menos de 90 segundos, contados desde que abren la ficha del paciente. | I8: App.jsx › App › assign screens/AssignModal.jsx › AssignModal screens/PatientView.jsx › PatientView › confirm | J8: N/A | K8: Santiago Maya Horta | L8: TC-M4, TC-M5 | M8: Pendiente | O8: Implementado | Q8: 2026-09-21 | R8: Pruebas: 0 pasadas, 0 fallidas, 2 pendientes.
A9: RNF-1 | B9: Un usuario nuevo elige una dieta segura en menos de 90 s… | C9: No funcional | D9: EPC28 | E9: Médico del Departamento de Nutrición | F9: Must have | G9: DOC-VAL v1.0 | H9: CA4: Al menos 4 de 5 usuarios nuevos, sin ayuda, eligen y confirman una dieta sin alertas en menos de 90 segundos, contados desde que abren la ficha del paciente. | I9: screens/PatientView.jsx › PatientView › confirm screens/PatientView.jsx › PatientView › started | J9: N/A | K9: Santiago Maya Horta | L9: TC-M4 | M9: Pendiente | O9: Implementado | Q9: 2026-09-21 | R9: Pruebas: 0 pasadas, 0 fallidas, 1 pendientes.

Sheet 🔗 Trazabilidad visual
A1: TRAZABILIDAD VISUAL — Requisitos × Artefactos
C2: Necesidades | D2: Casos de prueba | V2: Módulos código
A3: ID Req. | B3: Título (abrev.) | C3: EPC28 | D3: TC-01 | E3: TC-02 | F3: TC-03 | G3: TC-04 | H3: TC-05 | I3: TC-06 | J3: TC-07 | K3: TC-08 | L3: TC-09 | M3: TC-10 | N3: TC-11 | O3: TC-12 | P3: TC-13 | Q3: TC-M1 | R3: TC-M2 | S3: TC-M3 | T3: TC-M4 | U3: TC-M5 | V3: App.jsx | W3: data.js | X3: logic.js | Y3: AssignModal.jsx | Z3: DietDrawer.jsx | AA3: PatientContext.jsx | AB3: PatientView.jsx | AC3: Patients.jsx | AD3: Nº archivos de código | AE3: Nº casos de prueba
A4: RF-A1 | B4: Consultar la historia clínica del paciente | C4: ✓ | K4: ✓ | Q4: ✓ | W4: ✓ | AA4: ✓ | AB4: ✓ | AC4: ✓ | AD4: =COUNTIF(V4:AC4,"✓") | AE4: =COUNTIF(D4:U4,"✓")
A5: RF-A2 | B5: Ver las dietas de la enfermedad del paciente en un paso | C5: ✓ | I5: ✓ | J5: ✓ | Q5: ✓ | W5: ✓ | AB5: ✓ | AD5: =COUNTIF(V5:AC5,"✓") | AE5: =COUNTIF(D5:U5,"✓")
A6: RF-A3 | B6: Señalar alergias e incompatibilidades en cada dieta | C6: ✓ | D6: ✓ | E6: ✓ | F6: ✓ | G6: ✓ | H6: ✓ | L6: ✓ | N6: ✓ | O6: ✓ | P6: ✓ | R6: ✓ | W6: ✓ | X6: ✓ | Y6: ✓ | AB6: ✓ | AD6: =COUNTIF(V6:AC6,"✓") | AE6: =COUNTIF(D6:U6,"✓")
A7: RF-A4 | B7: Abrir la ficha técnica sin perder al paciente | C7: ✓ | M7: ✓ | N7: ✓ | S7: ✓ | W7: ✓ | Z7: ✓ | AA7: ✓ | AD7: =COUNTIF(V7:AC7,"✓") | AE7: =COUNTIF(D7:U7,"✓")
A8: RF-A5 | B8: Confirmar y registrar la asignación | C8: ✓ | T8: ✓ | U8: ✓ | V8: ✓ | Y8: ✓ | AB8: ✓ | AD8: =COUNTIF(V8:AC8,"✓") | AE8: =COUNTIF(D8:U8,"✓")
A9: RNF-1 | B9: Un usuario nuevo elige una dieta segura en menos de 90 s… | C9: ✓ | T9: ✓ | AB9: ✓ | AD9: =COUNTIF(V9:AC9,"✓") | AE9: =COUNTIF(D9:U9,"✓")
A11: Cobertura total (%) | C11: =IFERROR(COUNTIF(C4:C9,"✓")/COUNTA($A$4:$A$9),"") | D11: =IFERROR(COUNTIF(D4:D9,"✓")/COUNTA($A$4:$A$9),"") | E11: =IFERROR(COUNTIF(E4:E9,"✓")/COUNTA($A$4:$A$9),"") | F11: =IFERROR(COUNTIF(F4:F9,"✓")/COUNTA($A$4:$A$9),"") | G11: =IFERROR(COUNTIF(G4:G9,"✓")/COUNTA($A$4:$A$9),"") | H11: =IFERROR(COUNTIF(H4:H9,"✓")/COUNTA($A$4:$A$9),"") | I11: =IFERROR(COUNTIF(I4:I9,"✓")/COUNTA($A$4:$A$9),"") | J11: =IFERROR(COUNTIF(J4:J9,"✓")/COUNTA($A$4:$A$9),"") | ... AC11: =IFERROR(COUNTIF(AC4:AC9,"✓")/COUNTA($A$4:$A$9),"")
A12: Cobertura de una columna = % de requisitos que ese artefacto cubre. Una celda vacía en una fila significa que el requisito no está cubierto por ese artefacto.

Sheet 📊 Resumen y métricas
A1: RESUMEN Y MÉTRICAS — Dashboard de trazabilidad
A2: Las métricas se calculan automáticamente a partir de la hoja '📋 Matriz principal'
A4: Total requisitos | C4: Verificados | E4: En desarrollo | G4: Bloqueados / Fallidos | I4: Sin caso de prueba
A5: =COUNTA('📋 Matriz principal'!A4:A103) | C5: =COUNTIF('📋 Matriz principal'!O4:O103,"Verificado") | E5: =COUNTIF('📋 Matriz principal'!O4:O103,"En desarrollo") | G5: =SUMPRODUCT(--((('📋 Matriz principal'!O4:O103="Bloqueado")+('📋 Matriz principal'!M4:M103="Fallido")+('📋 Matriz principal'!M4:M103="Bloqueado"))>0)) | I5: =SUMPRODUCT(('📋 Matriz principal'!A4:A103<>"")*('📋 Matriz principal'!L4:L103=""))
A8: DISTRIBUCIÓN DE ESTADOS
A9: Propuesto | B9: Aprobado | C9: En desarrollo | D9: Implementado | E9: Verificado | F9: Aplazado | G9: Rechazado | H9: Archivado
A10: =COUNTIF('📋 Matriz principal'!O4:O103,"Propuesto") | B10: =COUNTIF('📋 Matriz principal'!O4:O103,"Aprobado") | C10: =COUNTIF('📋 Matriz principal'!O4:O103,"En desarrollo") | D10: =COUNTIF('📋 Matriz principal'!O4:O103,"Implementado") | E10: =COUNTIF('📋 Matriz principal'!O4:O103,"Verificado") | F10: =COUNTIF('📋 Matriz principal'!O4:O103,"Aplazado") | G10: =COUNTIF('📋 Matriz principal'!O4:O103,"Rechazado") | H10: =COUNTIF('📋 Matriz principal'!O4:O103,"Archivado")
A12: DISTRIBUCIÓN POR PRIORIDAD (MoSCoW)
A13: Must have | C13: Should have | E13: Could have | G13: Won't have
A14: =COUNTIF('📋 Matriz principal'!F4:F103,"Must have") | C14: =COUNTIF('📋 Matriz principal'!F4:F103,"Should have") | E14: =COUNTIF('📋 Matriz principal'!F4:F103,"Could have") | G14: =COUNTIF('📋 Matriz principal'!F4:F103,"Won't have")
A16: ALERTAS DE COBERTURA — Requisitos sin caso de prueba asignado
A17: ID Req. | B17: Título | C17: Prioridad | D17: Estado | E17: Responsable | F17: Sprint
A18: ✓ Todos los requisitos tienen al menos un caso de prueba asignado.

Sheet 🔎 Auditoría
A1: AUDITORÍA DE TRAZABILIDAD (Misión 10) — hallazgos detectados por el script
A2: # | B2: Severidad | C2: Tipo de hallazgo | D2: Artefacto / ID | E2: Descripción | F2: Acción sugerida
A3: 1 | B3: Alta | C3: Metadatos incompletos | D3: C1-BACKLOG | E3: Falta o está pendiente: fecha de cierre. | F3: Completar el encabezado del archivo.
A4: 2 | B4: Alta | C4: Metadatos incompletos | D4: C1-VB | E4: Falta o está pendiente: fecha de cierre. | F4: Completar el encabezado del archivo.
A5: 3 | B5: Alta | C5: Metadatos incompletos | D5: DOC-VAL | E5: Falta o está pendiente: fecha de cierre. | F5: Completar el encabezado del archivo.
A6: 4 | B6: Alta | C6: Metadatos incompletos | D6: TEST-MANUAL | E6: Falta o está pendiente: fecha de cierre. | F6: Completar el encabezado del archivo.
A7: 5 | B7: Media | C7: Cambio propuesto sin RFC | D7: CA1–CA5 | E7: La sección 6 propone reformular los criterios de aceptación, pero no hay una RFC que registre el cambio. | F7: Registrar la RFC (formulario del curso) y agregarla al registro.
A8: 6 | B8: Media | C8: Criterio de aceptación sin requisito | D8: CA5 | E8: Está propuesto en la sección 6 del documento, pero ningún requisito de la sección 2 lo usa; por eso no tiene código ni pruebas. | F8: Crear el requisito que lo cubra.
A9: 7 | B9: Media | C9: Escenarios manuales sin ejecutar | D9: TEST-MANUAL | E9: Pendientes: TC-M1, TC-M2, TC-M3, TC-M4, TC-M5. | F9: Ejecutarlos y anotar resultado, fecha y observaciones.
A10: 8 | B10: Media | C10: Requisito sin prueba ejecutada | D10: RF-A5 | E10: Sus pruebas (TC-M4, TC-M5) siguen en «Pendiente». | F10: Ejecutarlas y registrar el resultado en tests/escenarios_manuales.md.
A11: 9 | B11: Media | C11: Requisito sin prueba ejecutada | D11: RNF-1 | E11: Sus pruebas (TC-M4) siguen en «Pendiente». | F11: Ejecutarlas y registrar el resultado en tests/escenarios_manuales.md.
A12: 10 | B12: Baja | C12: Código sin requisito | D12: caso3-dietas/src/screens/Login.jsx | E12: Implementa comportamiento que ningún requisito de la sección 2 respalda. | F12: Asociarlo a un requisito, o marcarlo con la etiqueta de infraestructura si no aplica.
A13: 11 | B13: Baja | C13: ID de requisito no definido en el documento | D13: RF1–RF5 | E13: Citado en caso3-dietas/src/screens/Catalog.jsx, pero la sección 2 de caso3-dietas/docs/Documento_de_validacion.md no lo define. | F13: Definir el requisito en el documento (o quitar la etiqueta si está fuera de alcance).
A14: 12 | B14: Baja | C14: Requisito ausente en la aplicación | D14: RNF-1 | E14: Está en el documento pero no en la pantalla «Objetivo» (caso3-dietas/src/screens/About.jsx). | F14: Agregarlo a la lista de requisitos de la pantalla.

Sheet 📝 Registro de RFCs
A1: REGISTRO DE SOLICITUDES DE CAMBIO (RFC)
A2: ID RFC | B2: Título del cambio | C2: Solicitante | D2: Fecha solicitud | E2: Prioridad | F2: Requisito(s) afect. | G2: Artefactos impactados | H2: Decisión CCB | I2: Fecha decisión | J2: Responsable impl. | K2: Sprint impl. | L2: Estado RFC | M2: Notas
A3: El caso 3 (Dietas al día) no tiene RFC registradas. El documento de validación propone reformular los criterios de aceptación (CA1, CA2, CA3, CA4, CA5), pero ese cambio aún no tiene una solicitud de cambio. Cuando exista, regístrala aquí con las columnas de arriba.

Sheet 🗂️ Catálogo de artefactos
A1: CATÁLOGO DE ARTEFACTOS
A2: ID Artefacto | B2: Tipo | C2: Nombre / Descripción | D2: Versión actual | E2: Propietario | F2: Última actualización | G2: Requisitos vinculados | H2: Estado final | I2: Fecha de cierre | J2: Artefactos relacionados | K2: Ruta
A3: C1-BACKLOG | B3: Documento | C3: Product Backlog priorizado (HU1–HU10, T1–T12) | D3: 1.0 | E3: Santiago Maya Horta | F3: 2026-09-21 | G3: — | H3: Entregado | I3: pendiente | J3: C1-VB | K3: caso1-aerea/Product_Backlog_Priorizado.docx
A4: C1-IMPACT | B4: Diagrama | C4: Impact Mapping de la RFC-B1 | D4: 1.0 | E4: Santiago Maya Horta | F4: 2026-09-21 | G4: — | H4: Entregado | I4: 2026-09-09 | J4: C1-RFC-B1, C1-BACKLOG, C1-VB | K4: caso1-aerea/Impact_Mapping_RFC-B1.png
A5: C1-RFC-A1 | B5: Documento | C5: RFC-A1 · Parámetro de clima extremo | D5: 1.0 | E5: Santiago Maya Horta | F5: 2026-09-21 | G5: — | H5: Entregado | I5: 2026-09-09 | J5: C1-BACKLOG, C1-VB | K5: caso1-aerea/RFC-A1_Clima_Extremo.docx
A6: C1-RFC-A2 | B6: Documento | C6: RFC-A2 · Notificaciones automáticas | D6: 1.0 | E6: Santiago Maya Horta | F6: 2026-09-21 | G6: — | H6: Entregado | I6: 2026-09-09 | J6: C1-BACKLOG, C1-VB | K6: caso1-aerea/RFC-A2_Notificaciones.docx
A7: C1-RFC-B1 | B7: Documento | C7: RFC-B1 · Nuevo criterio de puntuación | D7: 1.0 | E7: Santiago Maya Horta | F7: 2026-09-21 | G7: — | H7: Entregado | I7: 2026-09-09 | J7: C1-BACKLOG, C1-VB, C1-IMPACT | K7: caso1-aerea/RFC-B1_Criterio_Puntuacion.docx
A8: C1-RFC-B2 | B8: Documento | C8: RFC-B2 · Fórmula híbrida (simulación + vuelo real) | D8: 1.0 | E8: Santiago Maya Horta | F8: 2026-09-21 | G8: — | H8: Entregado | I8: 2026-09-09 | J8: C1-BACKLOG, C1-VB | K8: caso1-aerea/RFC-B2_Formula_Hibrida.docx
A9: C1-RFC-C1 | B9: Documento | C9: RFC-C1 · Predicción con IA | D9: 1.0 | E9: Santiago Maya Horta | F9: 2026-09-21 | G9: — | H9: Entregado | I9: 2026-09-09 | J9: C1-BACKLOG, C1-VB | K9: caso1-aerea/RFC-C1_IA_Predictiva.docx
A10: C1-RFC-C2 | B10: Documento | C10: RFC-C2 · Alineación normativa NAC-2026 | D10: 1.0 | E10: Santiago Maya Horta | F10: 2026-09-21 | G10: — | H10: Entregado | I10: 2026-09-09 | J10: C1-BACKLOG, C1-VB | K10: caso1-aerea/RFC-C2_Alineacion_Normativa.docx
A11: C1-VB | B11: Documento | C11: Product Vision Board | D11: 1.0 | E11: Santiago Maya Horta | F11: 2026-09-21 | G11: — | H11: Entregado | I11: pendiente | J11: C1-BACKLOG | K11: caso1-aerea/Product_Vision_Board.docx
A12: C2-SRS | B12: Documento | C12: SRS del Módulo de Transmisión Mecánica (13 RF y 5 RNF) | D12: 1.0 | E12: Santiago Maya Horta | F12: 2026-09-21 | G12: — | H12: Entregado | I12: 2026-08-13 | J12: C2-TC | K12: caso2-simulador/SRS_Simulador_Transmision_Mecanica.docx
A13: C2-TC | B13: Documento | C13: Test Case del Módulo de Transmisión (TC-01 a TC-05) | D13: 1.0 | E13: Santiago Maya Horta | F13: 2026-09-21 | G13: — | H13: Entregado | I13: 2026-08-13 | J13: C2-SRS | K13: caso2-simulador/Test_Case_Simulador_Transmision.docx
... A52: TOOL-MATRIZ | B52: Script | C52: Generador de la matriz de trazabilidad (caso Dietas al día) | D52: 0.1.0 | E52: Santiago Maya Horta | F52: 2026-09-21 | G52: — | H52: Implementado | I52: 2026-09-21 | J52: DOC-VAL, TEST-LOGIC, TEST-MANUAL, COD-ABOUT | K52: trazabilidad/generar_matriz.py
